ID,name,lastmod,lastused
AL012021,                 ANA,24-May-2021 04:58,
AL012022,                ALEX,06-Jun-2022 22:44,
AL022021,                BILL,16-Jun-2021 04:48,
AL022022,              BONNIE,02-Jul-2022 11:44,
AL022023,              ARLENE,03-Jun-2023 22:44,
AL032021,           CLAUDETTE,22-Jun-2021 04:30,
AL032022,               COLIN,03-Jul-2022 10:44,
AL032023,                BRET,23-Jun-2023 19:46,
AL042021,               DANNY,29-Jun-2021 10:45,
AL042022,                FOUR,21-Aug-2022 04:42,
AL042023,               CINDY,27-Jun-2023 22:45,
AL052021,                ELSA,09-Jul-2021 22:45,
AL052022,            DANIELLE,08-Sep-2022 16:45,
AL052023,                 DON,24-Jul-2023 16:45,
AL062021,                FRED,20-Aug-2021 04:47,
AL062022,                EARL,10-Sep-2022 22:44,
AL072021,               GRACE,21-Aug-2021 22:47,
AL072022,               FIONA,24-Sep-2022 22:42,
AL082021,               HENRI,24-Aug-2021 16:31,
AL082022,              GASTON,26-Sep-2022 04:41,
AL092021,                 IDA,02-Sep-2021 10:46,
AL092022,                 IAN,02-Oct-2022 04:46,
AL102021,                KATE,01-Sep-2021 22:46,
AL102022,             HERMINE,25-Sep-2022 10:27,
AL112021,              ELEVEN,28-Aug-2021 23:01,
AL112022,              ELEVEN,29-Sep-2022 22:47,
AL122021,               LARRY,11-Sep-2021 16:46,
AL122022,              TWELVE,07-Oct-2022 04:45,
AL132021,               MINDY,10-Sep-2021 04:46,
AL132022,               JULIA,09-Oct-2022 17:15,
AL142021,            NICHOLAS,17-Sep-2021 22:46,
AL142022,                KARL,15-Oct-2022 10:43,
AL152021,              ODETTE,26-Sep-2021 04:46,
AL152022,                LISA,05-Nov-2022 16:45,
AL162021,               PETER,29-Sep-2021 22:46,
AL162022,              MARTIN,03-Nov-2022 22:45,
AL172021,                ROSE,24-Sep-2021 10:46,
AL172022,              NICOLE,11-Nov-2022 21:43,
AL182021,                 SAM,05-Oct-2021 10:46,
AL192021,              TERESA,26-Sep-2021 04:46,
AL202021,              VICTOR,04-Oct-2021 16:16,
AL212021,               WANDA,07-Nov-2021 15:46,
EP012021,              ANDRES,11-May-2021 16:45,
EP012022,              AGATHA,31-May-2022 16:45,
EP012023,              ADRIAN,02-Jul-2023 22:45,
EP022021,              BLANCA,04-Jun-2021 10:47,
EP022022,                BLAS,20-Jun-2022 16:41,
EP022023,             BEATRIZ,01-Jul-2023 13:30,
EP032021,              CARLOS,16-Jun-2021 16:21,
EP032022,               CELIA,28-Jun-2022 22:45,
EP032023,              CALVIN,19-Jul-2023 22:46,
EP042021,             DOLORES,20-Jun-2021 10:47,
EP042022,              BONNIE,09-Jul-2022 22:42,
EP042023,                FOUR,22-Jul-2023 16:45,
EP052021,             ENRIQUE,30-Jun-2021 22:01,
EP052022,               DARBY,17-Jul-2022 04:45,
EP052023,                DORA,11-Aug-2023 17:31,
EP062021,             FELICIA,22-Jul-2021 16:46,
EP062022,             ESTELLE,21-Jul-2022 22:49,
EP062023,              EUGENE,07-Aug-2023 22:46,
EP072021,           GUILLERMO,20-Jul-2021 22:46,
EP072022,               FRANK,03-Aug-2022 04:44,
EP072023,               SEVEN,12-Aug-2023 13:31,
EP082021,               HILDA,06-Aug-2021 16:47,
EP082022,           GEORGETTE,03-Aug-2022 22:44,
EP092021,              JIMENA,08-Aug-2021 04:47,
EP092022,              HOWARD,11-Aug-2022 04:45,
EP102021,             IGNACIO,04-Aug-2021 04:46,
EP102022,              IVETTE,21-Aug-2022 22:42,
EP112021,               KEVIN,12-Aug-2021 16:46,
EP112022,              JAVIER,05-Sep-2022 04:46,
EP122021,               LINDA,24-Aug-2021 10:47,
EP122022,                 KAY,10-Sep-2022 04:45,
EP132021,               MARTY,25-Aug-2021 22:48,
EP132022,              LESTER,17-Sep-2022 22:43,
EP142021,                NORA,30-Aug-2021 10:46,
EP142022,            MADELINE,20-Sep-2022 22:42,
EP152021,                OLAF,11-Sep-2021 10:46,
EP152022,              NEWTON,29-Sep-2022 04:49,
EP162021,              PAMELA,14-Oct-2021 04:45,
EP162022,              ORLENE,04-Oct-2022 04:46,
EP172021,                RICK,25-Oct-2021 09:45,
EP172022,               PAINE,05-Oct-2022 22:46,
EP182021,               TERRY,10-Nov-2021 21:45,
EP182022,               JULIA,10-Oct-2022 22:44,
EP192021,              SANDRA,09-Nov-2021 21:46,
EP192022,              ROSLYN,24-Oct-2022 04:42,
IO012021,             TAUKTAE,19-May-2021 04:45,
IO012022,                 ONE,06-Mar-2022 21:45,
IO012023,               MOCHA,15-May-2023 04:42,
IO022021,                YAAS,27-May-2021 16:47,
IO022022,               ASANI,12-May-2022 22:45,
IO022023,            BIPARJOY,20-Jun-2023 04:43,
IO032021,          SHAHEEN-GU,04-Oct-2021 10:46,
IO032022,               THREE,14-Aug-2022 04:44,
IO032023,               THREE,10-Jun-2023 16:44,
IO042021,                FOUR,11-Nov-2021 21:45,
IO042022,                FOUR,20-Aug-2022 10:43,
IO042023,                FOUR,02-Aug-2023 10:45,
IO052021,               JAWAD,06-Dec-2021 03:45,
IO052022,             SITRANG,24-Oct-2022 22:42,
IO062022,             MANDOUS,11-Dec-2022 03:50,
IO072022,               SEVEN,18-Dec-2022 21:45,
SH012020,                RITA,29-Nov-2019 15:46,
SH012021,              ALICIA,20-Nov-2020 10:23,
SH012022,               PADDY,25-Nov-2021 09:45,
SH012023,                 ONE,03-Aug-2022 04:44,
SH022020,               BELNA,13-Dec-2019 03:50,
SH022021,             BONGOYO,12-Dec-2020 03:46,
SH022022,             TERATAI,11-Dec-2021 15:46,
SH022023,              ASHLEY,29-Sep-2022 22:47,
SH032020,              AMBALI,09-Dec-2019 03:50,
SH032021,               THREE,12-Dec-2020 03:46,
SH032022,                RUBY,15-Dec-2021 21:45,
SH032023,              BALITA,10-Oct-2022 16:44,
SH042021,                FOUR,13-Dec-2020 03:45,
SH042022,                SETH,05-Jan-2022 03:45,
SH042023,                FOUR,08-Nov-2022 15:44,
SH052021,                YASA,24-Dec-2020 03:45,
SH052022,                CODY,15-Jan-2022 21:46,
SH052023,              DARIAN,01-Jan-2023 15:45,
SH062021,                ZAZU,17-Dec-2020 03:45,
SH062022,             TIFFANY,15-Jan-2022 15:45,
SH062023,               ELLIE,06-Jan-2023 21:45,
SH072021,             CHALANE,31-Dec-2020 15:45,
SH072022,                 ANA,25-Jan-2022 15:45,
SH072023,                HALE,09-Jan-2023 15:45,
SH082021,              DANILO,12-Jan-2021 09:45,
SH082022,            BATSIRAI,08-Feb-2022 21:45,
SH082023,             CHENESO,31-Jan-2023 03:45,
SH092021,              IMOGEN,07-Jan-2021 09:45,
SH092022,                NINE,04-Feb-2022 03:31,
SH092023,               IRENE,20-Jan-2023 09:45,
SH102021,              JOSHUA,22-Jan-2021 09:45,
SH102022,               CLIFF,07-Feb-2022 15:45,
SH102023,                 TEN,23-Jan-2023 21:45,
SH112021,                KIMI,19-Jan-2021 21:45,
SH112022,                DOVI,12-Feb-2022 15:45,
SH112023,              FREDDY,14-Mar-2023 22:46,
SH122021,              ELOISE,26-Jan-2021 03:45,
SH122022,              DUMAKO,16-Feb-2022 21:45,
SH122023,           GABRIELLE,14-Feb-2023 21:45,
SH132021,            THIRTEEN,02-Feb-2021 21:45,
SH132022,              EMNATI,25-Feb-2022 15:45,
SH132023,             DINGANI,16-Feb-2023 21:45,
SH142021,            FOURTEEN,23-Jan-2021 15:46,
SH142022,              VERNON,06-Mar-2022 15:45,
SH142023,               ENALA,02-Mar-2023 03:46,
SH152021,                 ANA,03-Feb-2021 21:45,
SH152022,               ANIKA,04-Mar-2022 03:45,
SH152023,                JUDY,05-Mar-2023 09:46,
SH162021,                BINA,01-Feb-2021 09:46,
SH162023,               KEVIN,07-Mar-2023 15:46,
SH172021,               LUCAS,04-Feb-2021 09:45,
SH172022,           SEVENTEEN,03-Mar-2022 15:45,
SH172023,              HERMAN,05-Apr-2023 04:45,
SH182021,            EIGHTEEN,06-Feb-2021 15:45,
SH182022,            EIGHTEEN,06-Mar-2022 15:45,
SH182023,                ILSA,15-Apr-2023 10:45,
SH192021,              FARAJI,16-Feb-2021 15:45,
SH192022,               GOMBE,17-Mar-2022 22:45,
SH192023,              FABIEN,25-May-2023 16:41,
SH202021,              TWENTY,12-Feb-2021 03:45,
SH202022,               BILLY,17-Mar-2022 22:45,
SH212021,              GUAMBE,22-Feb-2021 09:45,
SH212022,           CHARLOTTE,26-Mar-2022 22:45,
SH222021,              MARIAN,08-Mar-2021 09:45,
SH222022,              HALIMA,04-Apr-2022 10:47,
SH232021,               NIRAN,07-Mar-2021 15:45,
SH232022,                FILI,11-Apr-2022 04:45,
SH242021,              HABANA,17-Mar-2021 10:11,
SH242022,             JASMINE,01-May-2022 04:45,
SH252021,                IMAN,09-Mar-2021 03:09,
SH252022,               KARIM,11-May-2022 22:45,
SH262021,              SEROJA,12-Apr-2021 10:15,
SH262022,                GINA,22-May-2022 22:45,
SH272021,              ODETTE,10-Apr-2021 16:45,
SH282021,          TWENTYEIGH,12-Apr-2021 10:15,
SH292021,                JOBO,24-Apr-2021 22:55,
WP012021,              DUJUAN,22-Feb-2021 21:45,
WP012022,                 ONE,01-Apr-2022 10:46,
WP012023,               SANVU,26-Apr-2023 22:44,
WP022021,             SURIGAE,25-Apr-2021 16:49,
WP022022,             MALAKAS,16-Apr-2022 04:45,
WP022023,               MAWAR,03-Jun-2023 16:44,
WP032021,               THREE,15-May-2021 16:45,
WP032022,                MEGI,13-Apr-2022 03:15,
WP032023,              GUCHOL,13-Jun-2023 16:43,
WP042021,            CHOI-WAN,06-Jun-2021 10:46,
WP042022,               CHABA,04-Jul-2022 10:43,
WP042023,               TALIM,19-Jul-2023 16:46,
WP052021,              KOGUMA,13-Jun-2021 10:47,
WP052022,                AERE,11-Jul-2022 04:27,
WP052023,             DOKSURI,29-Jul-2023 04:45,
WP062021,              CHAMPI,28-Jun-2021 03:46,
WP062022,              SONGDA,02-Aug-2022 16:44,
WP062023,              KHANUN,11-Aug-2023 04:46,
WP072021,               SEVEN,06-Jul-2021 22:32,
WP072022,              TRASES,01-Aug-2022 16:44,
WP072023,                 LAN,13-Aug-2023 00:02,
WP082021,               EIGHT,08-Jul-2021 16:45,
WP082022,               EIGHT,04-Aug-2022 16:44,
WP092021,               IN-FA,30-Jul-2021 04:45,
WP092022,               MEARI,14-Aug-2022 16:44,
WP102021,             CEMPAKA,23-Jul-2021 17:46,
WP102022,               MA-ON,26-Aug-2022 10:41,
WP112021,            NEPARTAK,29-Jul-2021 10:31,
WP112022,              TOKAGE,26-Aug-2022 10:41,
WP122021,              TWELVE,06-Aug-2021 16:47,
WP122022,           HINNAMNOR,06-Sep-2022 22:45,
WP132021,               LUPIT,10-Aug-2021 22:47,
WP132022,            THIRTEEN,01-Sep-2022 22:46,
WP142021,             MIRINAE,10-Aug-2021 04:47,
WP142022,               MUIFA,16-Sep-2022 16:43,
WP152021,                NIDA,08-Aug-2021 10:47,
WP152022,              MERBOK,15-Sep-2022 22:43,
WP162021,               OMAIS,24-Aug-2021 04:47,
WP162022,            NANMADOL,20-Sep-2022 04:43,
WP172021,           SEVENTEEN,04-Sep-2021 16:46,
WP172022,               TALAS,24-Sep-2022 10:42,
WP182021,              CONSON,13-Sep-2021 16:46,
WP182022,                NORU,28-Sep-2022 22:49,
WP192021,             CHANTHU,18-Sep-2021 22:46,
WP192022,               KULAP,29-Sep-2022 22:47,
WP202021,            MINDULLE,02-Oct-2021 10:47,
WP202022,                ROKE,05-Oct-2022 04:46,
WP212021,           TWENTYONE,24-Sep-2021 16:54,
WP212022,           TWENTYONE,16-Oct-2022 04:43,
WP222021,            LIONROCK,10-Oct-2021 22:46,
WP222022,               SONCA,15-Oct-2022 10:43,
WP232021,            NAMTHEUN,18-Oct-2021 16:30,
WP232022,               NESAT,21-Oct-2022 10:42,
WP242021,             KOMPASU,14-Oct-2021 22:45,
WP242022,             HAITANG,19-Oct-2022 16:42,
WP252021,               MALOU,29-Oct-2021 22:46,
WP252022,          TWENTYFIVE,23-Oct-2022 16:42,
WP262021,           TWENTYSIX,27-Oct-2021 16:45,
WP262022,              NALGAE,03-Nov-2022 22:45,
WP272021,              NYATOH,04-Dec-2021 09:45,
WP272022,              BANYAN,01-Nov-2022 10:45,
WP282021,                 RAI,21-Dec-2021 15:45,
WP282022,            YAMANEKO,14-Nov-2022 21:42,
WP292021,          TWENTYNINE,17-Dec-2021 21:45,
WP292022,              PAKHAR,13-Dec-2022 09:45,
