ID,name,lastmod,lastused,elapsed_times,is_latest
AL012021,                 ANA,24-May-2021 04:58,,813 days 21:02:06.282782,False
AL012022,                ALEX,06-Jun-2022 22:44,,435 days 03:16:06.282782,False
AL022021,                BILL,16-Jun-2021 04:48,,790 days 21:12:06.282782,False
AL022022,              BONNIE,02-Jul-2022 11:44,,409 days 14:16:06.282782,False
AL022023,              ARLENE,03-Jun-2023 22:44,,73 days 03:16:06.282782,False
AL032021,           CLAUDETTE,22-Jun-2021 04:30,,784 days 21:30:06.282782,False
AL032022,               COLIN,03-Jul-2022 10:44,,408 days 15:16:06.282782,False
AL032023,                BRET,23-Jun-2023 19:46,,53 days 06:14:06.282782,False
AL042021,               DANNY,29-Jun-2021 10:45,,777 days 15:15:06.282782,False
AL042022,                FOUR,21-Aug-2022 04:42,,359 days 21:18:06.282782,False
AL042023,               CINDY,27-Jun-2023 22:45,,49 days 03:15:06.282782,False
AL052021,                ELSA,09-Jul-2021 22:45,,767 days 03:15:06.282782,False
AL052022,            DANIELLE,08-Sep-2022 16:45,,341 days 09:15:06.282782,False
AL052023,                 DON,24-Jul-2023 16:45,,22 days 09:15:06.282782,False
AL062021,                FRED,20-Aug-2021 04:47,,725 days 21:13:06.282782,False
AL062022,                EARL,10-Sep-2022 22:44,,339 days 03:16:06.282782,False
AL072021,               GRACE,21-Aug-2021 22:47,,724 days 03:13:06.282782,False
AL072022,               FIONA,24-Sep-2022 22:42,,325 days 03:18:06.282782,False
AL082021,               HENRI,24-Aug-2021 16:31,,721 days 09:29:06.282782,False
AL082022,              GASTON,26-Sep-2022 04:41,,323 days 21:19:06.282782,False
AL092021,                 IDA,02-Sep-2021 10:46,,712 days 15:14:06.282782,False
AL092022,                 IAN,02-Oct-2022 04:46,,317 days 21:14:06.282782,False
AL102021,                KATE,01-Sep-2021 22:46,,713 days 03:14:06.282782,False
AL102022,             HERMINE,25-Sep-2022 10:27,,324 days 15:33:06.282782,False
AL112021,              ELEVEN,28-Aug-2021 23:01,,717 days 02:59:06.282782,False
AL112022,              ELEVEN,29-Sep-2022 22:47,,320 days 03:13:06.282782,False
AL122021,               LARRY,11-Sep-2021 16:46,,703 days 09:14:06.282782,False
AL122022,              TWELVE,07-Oct-2022 04:45,,312 days 21:15:06.282782,False
AL132021,               MINDY,10-Sep-2021 04:46,,704 days 21:14:06.282782,False
AL132022,               JULIA,09-Oct-2022 17:15,,310 days 08:45:06.282782,False
AL142021,            NICHOLAS,17-Sep-2021 22:46,,697 days 03:14:06.282782,False
AL142022,                KARL,15-Oct-2022 10:43,,304 days 15:17:06.282782,False
AL152021,              ODETTE,26-Sep-2021 04:46,,688 days 21:14:06.282782,False
AL152022,                LISA,05-Nov-2022 16:45,,283 days 09:15:06.282782,False
AL162021,               PETER,29-Sep-2021 22:46,,685 days 03:14:06.282782,False
AL162022,              MARTIN,03-Nov-2022 22:45,,285 days 03:15:06.282782,False
AL172021,                ROSE,24-Sep-2021 10:46,,690 days 15:14:06.282782,False
AL172022,              NICOLE,11-Nov-2022 21:43,,277 days 04:17:06.282782,False
AL182021,                 SAM,05-Oct-2021 10:46,,679 days 15:14:06.282782,False
AL192021,              TERESA,26-Sep-2021 04:46,,688 days 21:14:06.282782,False
AL202021,              VICTOR,04-Oct-2021 16:16,,680 days 09:44:06.282782,False
AL212021,               WANDA,07-Nov-2021 15:46,,646 days 10:14:06.282782,False
EP012021,              ANDRES,11-May-2021 16:45,,826 days 09:15:06.282782,False
EP012022,              AGATHA,31-May-2022 16:45,,441 days 09:15:06.282782,False
EP012023,              ADRIAN,02-Jul-2023 22:45,,44 days 03:15:06.282782,False
EP022021,              BLANCA,04-Jun-2021 10:47,,802 days 15:13:06.282782,False
EP022022,                BLAS,20-Jun-2022 16:41,,421 days 09:19:06.282782,False
EP022023,             BEATRIZ,01-Jul-2023 13:30,,45 days 12:30:06.282782,False
EP032021,              CARLOS,16-Jun-2021 16:21,,790 days 09:39:06.282782,False
EP032022,               CELIA,28-Jun-2022 22:45,,413 days 03:15:06.282782,False
EP032023,              CALVIN,19-Jul-2023 22:46,,27 days 03:14:06.282782,False
EP042021,             DOLORES,20-Jun-2021 10:47,,786 days 15:13:06.282782,False
EP042022,              BONNIE,09-Jul-2022 22:42,,402 days 03:18:06.282782,False
EP042023,                FOUR,22-Jul-2023 16:45,,24 days 09:15:06.282782,False
EP052021,             ENRIQUE,30-Jun-2021 22:01,,776 days 03:59:06.282782,False
EP052022,               DARBY,17-Jul-2022 04:45,,394 days 21:15:06.282782,False
EP052023,                DORA,14-Aug-2023 13:32,,1 days 12:28:06.282782,True
EP062021,             FELICIA,22-Jul-2021 16:46,,754 days 09:14:06.282782,False
EP062022,             ESTELLE,21-Jul-2022 22:49,,390 days 03:11:06.282782,False
EP062023,              EUGENE,07-Aug-2023 22:46,,8 days 03:14:06.282782,False
EP072021,           GUILLERMO,20-Jul-2021 22:46,,756 days 03:14:06.282782,False
EP072022,               FRANK,03-Aug-2022 04:44,,377 days 21:16:06.282782,False
EP072023,            FERNANDA,17-Aug-2023 01:01,,0 days 00:44:06.282782,True
EP082021,               HILDA,06-Aug-2021 16:47,,739 days 09:13:06.282782,False
EP082022,           GEORGETTE,03-Aug-2022 22:44,,377 days 03:16:06.282782,False
EP082023,                GREG,17-Aug-2023 01:01,,0 days 00:44:06.282782,True
EP092021,              JIMENA,08-Aug-2021 04:47,,737 days 21:13:06.282782,False
EP092022,              HOWARD,11-Aug-2022 04:45,,369 days 21:15:06.282782,False
EP092023,              HILARY,17-Aug-2023 01:01,,,
EP102021,             IGNACIO,04-Aug-2021 04:46,,741 days 21:14:06.282782,False
EP102022,              IVETTE,21-Aug-2022 22:42,,359 days 03:18:06.282782,False
EP112021,               KEVIN,12-Aug-2021 16:46,,733 days 09:14:06.282782,False
EP112022,              JAVIER,05-Sep-2022 04:46,,344 days 21:14:06.282782,False
EP122021,               LINDA,24-Aug-2021 10:47,,721 days 15:13:06.282782,False
EP122022,                 KAY,10-Sep-2022 04:45,,339 days 21:15:06.282782,False
EP132021,               MARTY,25-Aug-2021 22:48,,720 days 03:12:06.282782,False
EP132022,              LESTER,17-Sep-2022 22:43,,332 days 03:17:06.282782,False
EP142021,                NORA,30-Aug-2021 10:46,,715 days 15:14:06.282782,False
EP142022,            MADELINE,20-Sep-2022 22:42,,329 days 03:18:06.282782,False
EP152021,                OLAF,11-Sep-2021 10:46,,703 days 15:14:06.282782,False
EP152022,              NEWTON,29-Sep-2022 04:49,,320 days 21:11:06.282782,False
EP162021,              PAMELA,14-Oct-2021 04:45,,670 days 21:15:06.282782,False
EP162022,              ORLENE,04-Oct-2022 04:46,,315 days 21:14:06.282782,False
EP172021,                RICK,25-Oct-2021 09:45,,659 days 16:15:06.282782,False
EP172022,               PAINE,05-Oct-2022 22:46,,314 days 03:14:06.282782,False
EP182021,               TERRY,10-Nov-2021 21:45,,643 days 04:15:06.282782,False
EP182022,               JULIA,10-Oct-2022 22:44,,309 days 03:16:06.282782,False
EP192021,              SANDRA,09-Nov-2021 21:46,,644 days 04:14:06.282782,False
EP192022,              ROSLYN,24-Oct-2022 04:42,,295 days 21:18:06.282782,False
IO012021,             TAUKTAE,19-May-2021 04:45,,818 days 21:15:06.282782,False
IO012022,                 ONE,06-Mar-2022 21:45,,527 days 04:15:06.282782,False
IO012023,               MOCHA,15-May-2023 04:42,,92 days 21:18:06.282782,False
IO022021,                YAAS,27-May-2021 16:47,,810 days 09:13:06.282782,False
IO022022,               ASANI,12-May-2022 22:45,,460 days 03:15:06.282782,False
IO022023,            BIPARJOY,20-Jun-2023 04:43,,56 days 21:17:06.282782,False
IO032021,          SHAHEEN-GU,04-Oct-2021 10:46,,680 days 15:14:06.282782,False
IO032022,               THREE,14-Aug-2022 04:44,,366 days 21:16:06.282782,False
IO032023,               THREE,10-Jun-2023 16:44,,66 days 09:16:06.282782,False
IO042021,                FOUR,11-Nov-2021 21:45,,642 days 04:15:06.282782,False
IO042022,                FOUR,20-Aug-2022 10:43,,360 days 15:17:06.282782,False
IO042023,                FOUR,02-Aug-2023 10:45,,13 days 15:15:06.282782,False
IO052021,               JAWAD,06-Dec-2021 03:45,,617 days 22:15:06.282782,False
IO052022,             SITRANG,24-Oct-2022 22:42,,295 days 03:18:06.282782,False
IO062022,             MANDOUS,11-Dec-2022 03:50,,247 days 22:10:06.282782,False
IO072022,               SEVEN,18-Dec-2022 21:45,,240 days 04:15:06.282782,False
SH012020,                RITA,29-Nov-2019 15:46,,1355 days 10:14:06.282782,False
SH012021,              ALICIA,20-Nov-2020 10:23,,998 days 15:37:06.282782,False
SH012022,               PADDY,25-Nov-2021 09:45,,628 days 16:15:06.282782,False
SH012023,                 ONE,03-Aug-2022 04:44,,377 days 21:16:06.282782,False
SH022020,               BELNA,13-Dec-2019 03:50,,1341 days 22:10:06.282782,False
SH022021,             BONGOYO,12-Dec-2020 03:46,,976 days 22:14:06.282782,False
SH022022,             TERATAI,11-Dec-2021 15:46,,612 days 10:14:06.282782,False
SH022023,              ASHLEY,29-Sep-2022 22:47,,320 days 03:13:06.282782,False
SH032020,              AMBALI,09-Dec-2019 03:50,,1345 days 22:10:06.282782,False
SH032021,               THREE,12-Dec-2020 03:46,,976 days 22:14:06.282782,False
SH032022,                RUBY,15-Dec-2021 21:45,,608 days 04:15:06.282782,False
SH032023,              BALITA,10-Oct-2022 16:44,,309 days 09:16:06.282782,False
SH042021,                FOUR,13-Dec-2020 03:45,,975 days 22:15:06.282782,False
SH042022,                SETH,05-Jan-2022 03:45,,587 days 22:15:06.282782,False
SH042023,                FOUR,08-Nov-2022 15:44,,280 days 10:16:06.282782,False
SH052021,                YASA,24-Dec-2020 03:45,,964 days 22:15:06.282782,False
SH052022,                CODY,15-Jan-2022 21:46,,577 days 04:14:06.282782,False
SH052023,              DARIAN,01-Jan-2023 15:45,,226 days 10:15:06.282782,False
SH062021,                ZAZU,17-Dec-2020 03:45,,971 days 22:15:06.282782,False
SH062022,             TIFFANY,15-Jan-2022 15:45,,577 days 10:15:06.282782,False
SH062023,               ELLIE,06-Jan-2023 21:45,,221 days 04:15:06.282782,False
SH072021,             CHALANE,31-Dec-2020 15:45,,957 days 10:15:06.282782,False
SH072022,                 ANA,25-Jan-2022 15:45,,567 days 10:15:06.282782,False
SH072023,                HALE,09-Jan-2023 15:45,,218 days 10:15:06.282782,False
SH082021,              DANILO,12-Jan-2021 09:45,,945 days 16:15:06.282782,False
SH082022,            BATSIRAI,08-Feb-2022 21:45,,553 days 04:15:06.282782,False
SH082023,             CHENESO,31-Jan-2023 03:45,,196 days 22:15:06.282782,False
SH092021,              IMOGEN,07-Jan-2021 09:45,,950 days 16:15:06.282782,False
SH092022,                NINE,04-Feb-2022 03:31,,557 days 22:29:06.282782,False
SH092023,               IRENE,20-Jan-2023 09:45,,207 days 16:15:06.282782,False
SH102021,              JOSHUA,22-Jan-2021 09:45,,935 days 16:15:06.282782,False
SH102022,               CLIFF,07-Feb-2022 15:45,,554 days 10:15:06.282782,False
SH102023,                 TEN,23-Jan-2023 21:45,,204 days 04:15:06.282782,False
SH112021,                KIMI,19-Jan-2021 21:45,,938 days 04:15:06.282782,False
SH112022,                DOVI,12-Feb-2022 15:45,,549 days 10:15:06.282782,False
SH112023,              FREDDY,14-Mar-2023 22:46,,154 days 03:14:06.282782,False
SH122021,              ELOISE,26-Jan-2021 03:45,,931 days 22:15:06.282782,False
SH122022,              DUMAKO,16-Feb-2022 21:45,,545 days 04:15:06.282782,False
SH122023,           GABRIELLE,14-Feb-2023 21:45,,182 days 04:15:06.282782,False
SH132021,            THIRTEEN,02-Feb-2021 21:45,,924 days 04:15:06.282782,False
SH132022,              EMNATI,25-Feb-2022 15:45,,536 days 10:15:06.282782,False
SH132023,             DINGANI,16-Feb-2023 21:45,,180 days 04:15:06.282782,False
SH142021,            FOURTEEN,23-Jan-2021 15:46,,934 days 10:14:06.282782,False
SH142022,              VERNON,06-Mar-2022 15:45,,527 days 10:15:06.282782,False
SH142023,               ENALA,02-Mar-2023 03:46,,166 days 22:14:06.282782,False
SH152021,                 ANA,03-Feb-2021 21:45,,923 days 04:15:06.282782,False
SH152022,               ANIKA,04-Mar-2022 03:45,,529 days 22:15:06.282782,False
SH152023,                JUDY,05-Mar-2023 09:46,,163 days 16:14:06.282782,False
SH162021,                BINA,01-Feb-2021 09:46,,925 days 16:14:06.282782,False
SH162023,               KEVIN,07-Mar-2023 15:46,,161 days 10:14:06.282782,False
SH172021,               LUCAS,04-Feb-2021 09:45,,922 days 16:15:06.282782,False
SH172022,           SEVENTEEN,03-Mar-2022 15:45,,530 days 10:15:06.282782,False
SH172023,              HERMAN,05-Apr-2023 04:45,,132 days 21:15:06.282782,False
SH182021,            EIGHTEEN,06-Feb-2021 15:45,,920 days 10:15:06.282782,False
SH182022,            EIGHTEEN,06-Mar-2022 15:45,,527 days 10:15:06.282782,False
SH182023,                ILSA,15-Apr-2023 10:45,,122 days 15:15:06.282782,False
SH192021,              FARAJI,16-Feb-2021 15:45,,910 days 10:15:06.282782,False
SH192022,               GOMBE,17-Mar-2022 22:45,,516 days 03:15:06.282782,False
SH192023,              FABIEN,25-May-2023 16:41,,82 days 09:19:06.282782,False
SH202021,              TWENTY,12-Feb-2021 03:45,,914 days 22:15:06.282782,False
SH202022,               BILLY,17-Mar-2022 22:45,,516 days 03:15:06.282782,False
SH212021,              GUAMBE,22-Feb-2021 09:45,,904 days 16:15:06.282782,False
SH212022,           CHARLOTTE,26-Mar-2022 22:45,,507 days 03:15:06.282782,False
SH222021,              MARIAN,08-Mar-2021 09:45,,890 days 16:15:06.282782,False
SH222022,              HALIMA,04-Apr-2022 10:47,,498 days 15:13:06.282782,False
SH232021,               NIRAN,07-Mar-2021 15:45,,891 days 10:15:06.282782,False
SH232022,                FILI,11-Apr-2022 04:45,,491 days 21:15:06.282782,False
SH242021,              HABANA,17-Mar-2021 10:11,,881 days 15:49:06.282782,False
SH242022,             JASMINE,01-May-2022 04:45,,471 days 21:15:06.282782,False
SH252021,                IMAN,09-Mar-2021 03:09,,889 days 22:51:06.282782,False
SH252022,               KARIM,11-May-2022 22:45,,461 days 03:15:06.282782,False
SH262021,              SEROJA,12-Apr-2021 10:15,,855 days 15:45:06.282782,False
SH262022,                GINA,22-May-2022 22:45,,450 days 03:15:06.282782,False
SH272021,              ODETTE,10-Apr-2021 16:45,,857 days 09:15:06.282782,False
SH282021,          TWENTYEIGH,12-Apr-2021 10:15,,855 days 15:45:06.282782,False
SH292021,                JOBO,24-Apr-2021 22:55,,843 days 03:05:06.282782,False
WP012021,              DUJUAN,22-Feb-2021 21:45,,904 days 04:15:06.282782,False
WP012022,                 ONE,01-Apr-2022 10:46,,501 days 15:14:06.282782,False
WP012023,               SANVU,26-Apr-2023 22:44,,111 days 03:16:06.282782,False
WP022021,             SURIGAE,25-Apr-2021 16:49,,842 days 09:11:06.282782,False
WP022022,             MALAKAS,16-Apr-2022 04:45,,486 days 21:15:06.282782,False
WP022023,               MAWAR,03-Jun-2023 16:44,,73 days 09:16:06.282782,False
WP032021,               THREE,15-May-2021 16:45,,822 days 09:15:06.282782,False
WP032022,                MEGI,13-Apr-2022 03:15,,489 days 22:45:06.282782,False
WP032023,              GUCHOL,13-Jun-2023 16:43,,63 days 09:17:06.282782,False
WP042021,            CHOI-WAN,06-Jun-2021 10:46,,800 days 15:14:06.282782,False
WP042022,               CHABA,04-Jul-2022 10:43,,407 days 15:17:06.282782,False
WP042023,               TALIM,19-Jul-2023 16:46,,27 days 09:14:06.282782,False
WP052021,              KOGUMA,13-Jun-2021 10:47,,793 days 15:13:06.282782,False
WP052022,                AERE,11-Jul-2022 04:27,,400 days 21:33:06.282782,False
WP052023,             DOKSURI,29-Jul-2023 04:45,,17 days 21:15:06.282782,False
WP062021,              CHAMPI,28-Jun-2021 03:46,,778 days 22:14:06.282782,False
WP062022,              SONGDA,02-Aug-2022 16:44,,378 days 09:16:06.282782,False
WP062023,              KHANUN,11-Aug-2023 04:46,,4 days 21:14:06.282782,False
WP072021,               SEVEN,06-Jul-2021 22:32,,770 days 03:28:06.282782,False
WP072022,              TRASES,01-Aug-2022 16:44,,379 days 09:16:06.282782,False
WP072023,                 LAN,17-Aug-2023 01:01,,0 days 00:44:06.282782,True
WP082021,               EIGHT,08-Jul-2021 16:45,,768 days 09:15:06.282782,False
WP082022,               EIGHT,04-Aug-2022 16:44,,376 days 09:16:06.282782,False
WP092021,               IN-FA,30-Jul-2021 04:45,,746 days 21:15:06.282782,False
WP092022,               MEARI,14-Aug-2022 16:44,,366 days 09:16:06.282782,False
WP102021,             CEMPAKA,23-Jul-2021 17:46,,753 days 08:14:06.282782,False
WP102022,               MA-ON,26-Aug-2022 10:41,,354 days 15:19:06.282782,False
WP112021,            NEPARTAK,29-Jul-2021 10:31,,747 days 15:29:06.282782,False
WP112022,              TOKAGE,26-Aug-2022 10:41,,354 days 15:19:06.282782,False
WP122021,              TWELVE,06-Aug-2021 16:47,,739 days 09:13:06.282782,False
WP122022,           HINNAMNOR,06-Sep-2022 22:45,,343 days 03:15:06.282782,False
WP132021,               LUPIT,10-Aug-2021 22:47,,735 days 03:13:06.282782,False
WP132022,            THIRTEEN,01-Sep-2022 22:46,,348 days 03:14:06.282782,False
WP142021,             MIRINAE,10-Aug-2021 04:47,,735 days 21:13:06.282782,False
WP142022,               MUIFA,16-Sep-2022 16:43,,333 days 09:17:06.282782,False
WP152021,                NIDA,08-Aug-2021 10:47,,737 days 15:13:06.282782,False
WP152022,              MERBOK,15-Sep-2022 22:43,,334 days 03:17:06.282782,False
WP162021,               OMAIS,24-Aug-2021 04:47,,721 days 21:13:06.282782,False
WP162022,            NANMADOL,20-Sep-2022 04:43,,329 days 21:17:06.282782,False
WP172021,           SEVENTEEN,04-Sep-2021 16:46,,710 days 09:14:06.282782,False
WP172022,               TALAS,24-Sep-2022 10:42,,325 days 15:18:06.282782,False
WP182021,              CONSON,13-Sep-2021 16:46,,701 days 09:14:06.282782,False
WP182022,                NORU,28-Sep-2022 22:49,,321 days 03:11:06.282782,False
WP192021,             CHANTHU,18-Sep-2021 22:46,,696 days 03:14:06.282782,False
WP192022,               KULAP,29-Sep-2022 22:47,,320 days 03:13:06.282782,False
WP202021,            MINDULLE,02-Oct-2021 10:47,,682 days 15:13:06.282782,False
WP202022,                ROKE,05-Oct-2022 04:46,,314 days 21:14:06.282782,False
WP212021,           TWENTYONE,24-Sep-2021 16:54,,690 days 09:06:06.282782,False
WP212022,           TWENTYONE,16-Oct-2022 04:43,,303 days 21:17:06.282782,False
WP222021,            LIONROCK,10-Oct-2021 22:46,,674 days 03:14:06.282782,False
WP222022,               SONCA,15-Oct-2022 10:43,,304 days 15:17:06.282782,False
WP232021,            NAMTHEUN,18-Oct-2021 16:30,,666 days 09:30:06.282782,False
WP232022,               NESAT,21-Oct-2022 10:42,,298 days 15:18:06.282782,False
WP242021,             KOMPASU,14-Oct-2021 22:45,,670 days 03:15:06.282782,False
WP242022,             HAITANG,19-Oct-2022 16:42,,300 days 09:18:06.282782,False
WP252021,               MALOU,29-Oct-2021 22:46,,655 days 03:14:06.282782,False
WP252022,          TWENTYFIVE,23-Oct-2022 16:42,,296 days 09:18:06.282782,False
WP262021,           TWENTYSIX,27-Oct-2021 16:45,,657 days 09:15:06.282782,False
WP262022,              NALGAE,03-Nov-2022 22:45,,285 days 03:15:06.282782,False
WP272021,              NYATOH,04-Dec-2021 09:45,,619 days 16:15:06.282782,False
WP272022,              BANYAN,01-Nov-2022 10:45,,287 days 15:15:06.282782,False
WP282021,                 RAI,21-Dec-2021 15:45,,602 days 10:15:06.282782,False
WP282022,            YAMANEKO,14-Nov-2022 21:42,,274 days 04:18:06.282782,False
WP292021,          TWENTYNINE,17-Dec-2021 21:45,,606 days 04:15:06.282782,False
WP292022,              PAKHAR,13-Dec-2022 09:45,,245 days 16:15:06.282782,False
