ID,name,lastmod,lastrecord
AL012021,                 ANA,24-May-2021 04:58,2021-05-24 00:00
AL012022,                ALEX,06-Jun-2022 22:44,2022-06-06 18:00
AL022021,                BILL,16-Jun-2021 04:48,2021-06-16 00:00
AL022022,              BONNIE,02-Jul-2022 11:44,2022-07-02 12:00
AL022023,              ARLENE,03-Jun-2023 22:44,2023-06-03 18:00
AL032021,           CLAUDETTE,22-Jun-2021 04:30,2021-06-22 00:00
AL032022,               COLIN,03-Jul-2022 10:44,2022-07-03 06:00
AL032023,                BRET,23-Jun-2023 19:46,2023-06-24 00:00
AL042021,               DANNY,29-Jun-2021 10:45,2021-06-29 06:00
AL042022,                FOUR,21-Aug-2022 04:42,2022-08-21 00:00
AL042023,               CINDY,27-Jun-2023 22:45,2023-06-27 18:00
AL052021,                ELSA,09-Jul-2021 22:45,2021-07-09 18:00
AL052022,            DANIELLE,08-Sep-2022 16:45,2022-09-08 12:00
AL052023,                 DON,24-Jul-2023 16:45,2023-07-24 12:00
AL062021,                FRED,20-Aug-2021 04:47,2021-08-20 00:00
AL062022,                EARL,10-Sep-2022 22:44,2022-09-10 18:00
AL072021,               GRACE,21-Aug-2021 22:47,2021-08-21 18:00
AL072022,               FIONA,24-Sep-2022 22:42,2022-09-24 18:00
AL082021,               HENRI,24-Aug-2021 16:31,2021-08-24 12:00
AL082022,              GASTON,26-Sep-2022 04:41,2022-09-26 00:00
AL092021,                 IDA,02-Sep-2021 10:46,2021-09-02 06:00
AL092022,                 IAN,02-Oct-2022 04:46,2022-10-02 00:00
AL102021,                KATE,01-Sep-2021 22:46,2021-09-01 18:00
AL102022,             HERMINE,25-Sep-2022 10:27,2022-09-25 06:00
AL112021,              ELEVEN,28-Aug-2021 23:01,2021-08-29 00:00
AL112022,              ELEVEN,29-Sep-2022 22:47,2022-09-29 18:00
AL122021,               LARRY,11-Sep-2021 16:46,2021-09-11 12:00
AL122022,              TWELVE,07-Oct-2022 04:45,2022-10-07 00:00
AL132021,               MINDY,10-Sep-2021 04:46,2021-09-10 00:00
AL132022,               JULIA,09-Oct-2022 17:15,2022-10-09 18:00
AL142021,            NICHOLAS,17-Sep-2021 22:46,2021-09-17 18:00
AL142022,                KARL,15-Oct-2022 10:43,2022-10-15 06:00
AL152021,              ODETTE,26-Sep-2021 04:46,2021-09-26 00:00
AL152022,                LISA,05-Nov-2022 16:45,2022-11-05 12:00
AL162021,               PETER,29-Sep-2021 22:46,2021-09-29 18:00
AL162022,              MARTIN,03-Nov-2022 22:45,2022-11-03 18:00
AL172021,                ROSE,24-Sep-2021 10:46,2021-09-24 06:00
AL172022,              NICOLE,11-Nov-2022 21:43,2022-11-11 18:00
AL182021,                 SAM,05-Oct-2021 10:46,2021-10-05 06:00
AL192021,              TERESA,26-Sep-2021 04:46,2021-09-26 00:00
AL202021,              VICTOR,04-Oct-2021 16:16,2021-10-04 12:00
AL212021,               WANDA,07-Nov-2021 15:46,2021-11-07 12:00
EP012021,              ANDRES,11-May-2021 16:45,2021-05-11 12:00
EP012022,              AGATHA,31-May-2022 16:45,2022-05-31 12:00
EP012023,              ADRIAN,02-Jul-2023 22:45,2023-07-02 18:00
EP022021,              BLANCA,04-Jun-2021 10:47,2021-06-04 06:00
EP022022,                BLAS,20-Jun-2022 16:41,2022-06-20 12:00
EP022023,             BEATRIZ,01-Jul-2023 13:30,2023-07-01 12:00
EP032021,              CARLOS,16-Jun-2021 16:21,2021-06-16 12:00
EP032022,               CELIA,28-Jun-2022 22:45,2022-06-28 18:00
EP032023,              CALVIN,19-Jul-2023 22:46,2023-07-19 18:00
EP042021,             DOLORES,20-Jun-2021 10:47,2021-06-20 06:00
EP042022,              BONNIE,09-Jul-2022 22:42,2022-07-09 18:00
EP042023,                FOUR,22-Jul-2023 16:45,2023-07-22 12:00
EP052021,             ENRIQUE,30-Jun-2021 22:01,2021-06-30 18:00
EP052022,               DARBY,17-Jul-2022 04:45,2022-07-17 00:00
EP052023,                DORA,14-Aug-2023 13:32,2023-08-14 18:00
EP062021,             FELICIA,22-Jul-2021 16:46,2021-07-22 12:00
EP062022,             ESTELLE,21-Jul-2022 22:49,2022-07-21 18:00
EP062023,              EUGENE,07-Aug-2023 22:46,2023-08-07 18:00
EP072021,           GUILLERMO,20-Jul-2021 22:46,2021-07-20 18:00
EP072022,               FRANK,03-Aug-2022 04:44,2022-08-03 00:00
EP072023,            FERNANDA,17-Aug-2023 05:31,2023-08-17 06:00
EP082021,               HILDA,06-Aug-2021 16:47,2021-08-06 12:00
EP082022,           GEORGETTE,03-Aug-2022 22:44,2022-08-03 18:00
EP082023,                GREG,17-Aug-2023 05:31,2023-08-17 06:00
EP092021,              JIMENA,08-Aug-2021 04:47,2021-08-08 00:00
EP092022,              HOWARD,11-Aug-2022 04:45,2022-08-11 00:00
EP092023,              HILARY,17-Aug-2023 05:31,2023-08-17 06:00
EP102021,             IGNACIO,04-Aug-2021 04:46,2021-08-04 00:00
EP102022,              IVETTE,21-Aug-2022 22:42,2022-08-21 18:00
EP112021,               KEVIN,12-Aug-2021 16:46,2021-08-12 12:00
EP112022,              JAVIER,05-Sep-2022 04:46,2022-09-05 00:00
EP122021,               LINDA,24-Aug-2021 10:47,2021-08-24 06:00
EP122022,                 KAY,10-Sep-2022 04:45,2022-09-10 00:00
EP132021,               MARTY,25-Aug-2021 22:48,2021-08-25 18:00
EP132022,              LESTER,17-Sep-2022 22:43,2022-09-17 18:00
EP142021,                NORA,30-Aug-2021 10:46,2021-08-30 06:00
EP142022,            MADELINE,20-Sep-2022 22:42,2022-09-20 18:00
EP152021,                OLAF,11-Sep-2021 10:46,2021-09-11 06:00
EP152022,              NEWTON,29-Sep-2022 04:49,2022-09-29 00:00
EP162021,              PAMELA,14-Oct-2021 04:45,2021-10-14 00:00
EP162022,              ORLENE,04-Oct-2022 04:46,2022-10-04 00:00
EP172021,                RICK,25-Oct-2021 09:45,2021-10-25 12:00
EP172022,               PAINE,05-Oct-2022 22:46,2022-10-05 18:00
EP182021,               TERRY,10-Nov-2021 21:45,2021-11-10 18:00
EP182022,               JULIA,10-Oct-2022 22:44,2022-10-10 18:00
EP192021,              SANDRA,09-Nov-2021 21:46,2021-11-09 18:00
EP192022,              ROSLYN,24-Oct-2022 04:42,2022-10-24 00:00
IO012021,             TAUKTAE,19-May-2021 04:45,2021-05-19 00:00
IO012022,                 ONE,06-Mar-2022 21:45,2022-03-06 18:00
IO012023,               MOCHA,15-May-2023 04:42,2023-05-15 00:00
IO022021,                YAAS,27-May-2021 16:47,2021-05-27 12:00
IO022022,               ASANI,12-May-2022 22:45,2022-05-12 18:00
IO022023,            BIPARJOY,20-Jun-2023 04:43,2023-06-20 00:00
IO032021,          SHAHEEN-GU,04-Oct-2021 10:46,2021-10-04 06:00
IO032022,               THREE,14-Aug-2022 04:44,2022-08-14 00:00
IO032023,               THREE,10-Jun-2023 16:44,2023-06-10 12:00
IO042021,                FOUR,11-Nov-2021 21:45,2021-11-11 18:00
IO042022,                FOUR,20-Aug-2022 10:43,2022-08-20 06:00
IO042023,                FOUR,02-Aug-2023 10:45,2023-08-02 06:00
IO052021,               JAWAD,06-Dec-2021 03:45,2021-12-06 00:00
IO052022,             SITRANG,24-Oct-2022 22:42,2022-10-24 18:00
IO062022,             MANDOUS,11-Dec-2022 03:50,2022-12-11 00:00
IO072022,               SEVEN,18-Dec-2022 21:45,2022-12-18 18:00
SH012021,              ALICIA,20-Nov-2020 10:23,2020-11-20 06:00
SH012022,               PADDY,25-Nov-2021 09:45,2021-11-25 06:00
SH012023,                 ONE,03-Aug-2022 04:44,2022-08-03 00:00
SH022021,             BONGOYO,12-Dec-2020 03:46,2020-12-12 00:00
SH022022,             TERATAI,11-Dec-2021 15:46,2021-12-11 12:00
SH022023,              ASHLEY,29-Sep-2022 22:47,2022-09-29 18:00
SH032021,               THREE,12-Dec-2020 03:46,2020-12-12 00:00
SH032022,                RUBY,15-Dec-2021 21:45,2021-12-15 18:00
SH032023,              BALITA,10-Oct-2022 16:44,2022-10-10 12:00
SH042021,                FOUR,13-Dec-2020 03:45,2020-12-13 00:00
SH042022,                SETH,05-Jan-2022 03:45,2022-01-05 00:00
SH042023,                FOUR,08-Nov-2022 15:44,2022-11-08 12:00
SH052021,                YASA,24-Dec-2020 03:45,2020-12-24 00:00
SH052022,                CODY,15-Jan-2022 21:46,2022-01-15 18:00
SH052023,              DARIAN,01-Jan-2023 15:45,2023-01-01 12:00
SH062021,                ZAZU,17-Dec-2020 03:45,2020-12-17 00:00
SH062022,             TIFFANY,15-Jan-2022 15:45,2022-01-15 12:00
SH062023,               ELLIE,06-Jan-2023 21:45,2023-01-06 18:00
SH072021,             CHALANE,31-Dec-2020 15:45,2020-12-31 12:00
SH072022,                 ANA,25-Jan-2022 15:45,2022-01-25 12:00
SH072023,                HALE,09-Jan-2023 15:45,2023-01-09 12:00
SH082021,              DANILO,12-Jan-2021 09:45,2021-01-12 06:00
SH082022,            BATSIRAI,08-Feb-2022 21:45,2022-02-08 18:00
SH082023,             CHENESO,31-Jan-2023 03:45,2023-01-31 00:00
SH092021,              IMOGEN,07-Jan-2021 09:45,2021-01-07 06:00
SH092022,                NINE,04-Feb-2022 03:31,2022-02-04 00:00
SH092023,               IRENE,20-Jan-2023 09:45,2023-01-20 06:00
SH102021,              JOSHUA,22-Jan-2021 09:45,2021-01-22 06:00
SH102022,               CLIFF,07-Feb-2022 15:45,2022-02-07 12:00
SH102023,                 TEN,23-Jan-2023 21:45,2023-01-23 18:00
SH112021,                KIMI,19-Jan-2021 21:45,2021-01-19 18:00
SH112022,                DOVI,12-Feb-2022 15:45,2022-02-12 12:00
SH112023,              FREDDY,14-Mar-2023 22:46,2023-03-14 18:00
SH122021,              ELOISE,26-Jan-2021 03:45,2021-01-26 00:00
SH122022,              DUMAKO,16-Feb-2022 21:45,2022-02-16 18:00
SH122023,           GABRIELLE,14-Feb-2023 21:45,2023-02-14 18:00
SH132021,            THIRTEEN,02-Feb-2021 21:45,2021-02-02 18:00
SH132022,              EMNATI,25-Feb-2022 15:45,2022-02-25 12:00
SH132023,             DINGANI,16-Feb-2023 21:45,2023-02-16 18:00
SH142021,            FOURTEEN,23-Jan-2021 15:46,2021-01-23 12:00
SH142022,              VERNON,06-Mar-2022 15:45,2022-03-06 12:00
SH142023,               ENALA,02-Mar-2023 03:46,2023-03-02 00:00
SH152021,                 ANA,03-Feb-2021 21:45,2021-02-03 18:00
SH152022,               ANIKA,04-Mar-2022 03:45,2022-03-04 00:00
SH152023,                JUDY,05-Mar-2023 09:46,2023-03-05 06:00
SH162021,                BINA,01-Feb-2021 09:46,2021-02-01 06:00
SH162023,               KEVIN,07-Mar-2023 15:46,2023-03-07 12:00
SH172021,               LUCAS,04-Feb-2021 09:45,2021-02-04 06:00
SH172022,           SEVENTEEN,03-Mar-2022 15:45,2022-03-03 12:00
SH172023,              HERMAN,05-Apr-2023 04:45,2023-04-05 00:00
SH182021,            EIGHTEEN,06-Feb-2021 15:45,2021-02-06 12:00
SH182022,            EIGHTEEN,06-Mar-2022 15:45,2022-03-06 12:00
SH182023,                ILSA,15-Apr-2023 10:45,2023-04-15 06:00
SH192021,              FARAJI,16-Feb-2021 15:45,2021-02-16 12:00
SH192022,               GOMBE,17-Mar-2022 22:45,2022-03-17 18:00
SH192023,              FABIEN,25-May-2023 16:41,2023-05-25 12:00
SH202021,              TWENTY,12-Feb-2021 03:45,2021-02-12 00:00
SH202022,               BILLY,17-Mar-2022 22:45,2022-03-17 18:00
SH212021,              GUAMBE,22-Feb-2021 09:45,2021-02-22 06:00
SH212022,           CHARLOTTE,26-Mar-2022 22:45,2022-03-26 18:00
SH222021,              MARIAN,08-Mar-2021 09:45,2021-03-08 06:00
SH222022,              HALIMA,04-Apr-2022 10:47,2022-04-04 06:00
SH232021,               NIRAN,07-Mar-2021 15:45,2021-03-07 12:00
SH232022,                FILI,11-Apr-2022 04:45,2022-04-11 00:00
SH242021,              HABANA,17-Mar-2021 10:11,2021-03-17 06:00
SH242022,             JASMINE,01-May-2022 04:45,2022-05-01 00:00
SH252021,                IMAN,09-Mar-2021 03:09,2021-03-09 00:00
SH252022,               KARIM,11-May-2022 22:45,2022-05-11 18:00
SH262021,              SEROJA,12-Apr-2021 10:15,2021-04-12 06:00
SH262022,                GINA,22-May-2022 22:45,2022-05-22 18:00
SH272021,              ODETTE,10-Apr-2021 16:45,2021-04-10 12:00
SH282021,          TWENTYEIGH,12-Apr-2021 10:15,2021-04-12 06:00
SH292021,                JOBO,24-Apr-2021 22:55,2021-04-24 18:00
WP012021,              DUJUAN,22-Feb-2021 21:45,2021-02-22 18:00
WP012022,                 ONE,01-Apr-2022 10:46,2022-04-01 06:00
WP012023,               SANVU,26-Apr-2023 22:44,2023-04-26 18:00
WP022021,             SURIGAE,25-Apr-2021 16:49,2021-04-25 12:00
WP022022,             MALAKAS,16-Apr-2022 04:45,2022-04-16 00:00
WP022023,               MAWAR,03-Jun-2023 16:44,2023-06-03 12:00
WP032021,               THREE,15-May-2021 16:45,2021-05-15 12:00
WP032022,                MEGI,13-Apr-2022 03:15,2022-04-13 06:00
WP032023,              GUCHOL,13-Jun-2023 16:43,2023-06-13 12:00
WP042021,            CHOI-WAN,06-Jun-2021 10:46,2021-06-06 06:00
WP042022,               CHABA,04-Jul-2022 10:43,2022-07-04 06:00
WP042023,               TALIM,19-Jul-2023 16:46,2023-07-19 12:00
WP052021,              KOGUMA,13-Jun-2021 10:47,2021-06-13 06:00
WP052022,                AERE,11-Jul-2022 04:27,2022-07-11 00:00
WP052023,             DOKSURI,29-Jul-2023 04:45,2023-07-29 00:00
WP062021,              CHAMPI,28-Jun-2021 03:46,2021-06-28 00:00
WP062022,              SONGDA,02-Aug-2022 16:44,2022-08-02 12:00
WP062023,              KHANUN,11-Aug-2023 04:46,2023-08-11 00:00
WP072021,               SEVEN,06-Jul-2021 22:32,2021-07-06 18:00
WP072022,              TRASES,01-Aug-2022 16:44,2022-08-01 12:00
WP072023,                 LAN,17-Aug-2023 05:31,2023-08-17 12:00
WP082021,               EIGHT,08-Jul-2021 16:45,2021-07-08 12:00
WP082022,               EIGHT,04-Aug-2022 16:44,2022-08-04 12:00
WP092021,               IN-FA,30-Jul-2021 04:45,2021-07-30 00:00
WP092022,               MEARI,14-Aug-2022 16:44,2022-08-14 12:00
WP102021,             CEMPAKA,23-Jul-2021 17:46,2021-07-24 00:00
WP102022,               MA-ON,26-Aug-2022 10:41,2022-08-26 06:00
WP112021,            NEPARTAK,29-Jul-2021 10:31,2021-07-29 06:00
WP112022,              TOKAGE,26-Aug-2022 10:41,2022-08-26 06:00
WP122021,              TWELVE,06-Aug-2021 16:47,2021-08-06 12:00
WP122022,           HINNAMNOR,06-Sep-2022 22:45,2022-09-06 18:00
WP132021,               LUPIT,10-Aug-2021 22:47,2021-08-10 18:00
WP132022,            THIRTEEN,01-Sep-2022 22:46,2022-09-01 18:00
WP142021,             MIRINAE,10-Aug-2021 04:47,2021-08-10 00:00
WP142022,               MUIFA,16-Sep-2022 16:43,2022-09-16 12:00
WP152021,                NIDA,08-Aug-2021 10:47,2021-08-08 06:00
WP152022,              MERBOK,15-Sep-2022 22:43,2022-09-15 18:00
WP162021,               OMAIS,24-Aug-2021 04:47,2021-08-24 00:00
WP162022,            NANMADOL,20-Sep-2022 04:43,2022-09-20 00:00
WP172021,           SEVENTEEN,04-Sep-2021 16:46,2021-09-04 12:00
WP172022,               TALAS,24-Sep-2022 10:42,2022-09-24 06:00
WP182021,              CONSON,13-Sep-2021 16:46,2021-09-13 12:00
WP182022,                NORU,28-Sep-2022 22:49,2022-09-28 18:00
WP192021,             CHANTHU,18-Sep-2021 22:46,2021-09-18 18:00
WP192022,               KULAP,29-Sep-2022 22:47,2022-09-29 18:00
WP202021,            MINDULLE,02-Oct-2021 10:47,2021-10-02 06:00
WP202022,                ROKE,05-Oct-2022 04:46,2022-10-05 00:00
WP212021,           TWENTYONE,24-Sep-2021 16:54,2021-09-24 12:00
WP212022,           TWENTYONE,16-Oct-2022 04:43,2022-10-16 00:00
WP222021,            LIONROCK,10-Oct-2021 22:46,2021-10-10 18:00
WP222022,               SONCA,15-Oct-2022 10:43,2022-10-15 06:00
WP232021,            NAMTHEUN,18-Oct-2021 16:30,2021-10-18 12:00
WP232022,               NESAT,21-Oct-2022 10:42,2022-10-21 06:00
WP242021,             KOMPASU,14-Oct-2021 22:45,2021-10-14 18:00
WP242022,             HAITANG,19-Oct-2022 16:42,2022-10-19 12:00
WP252021,               MALOU,29-Oct-2021 22:46,2021-10-29 18:00
WP252022,          TWENTYFIVE,23-Oct-2022 16:42,2022-10-23 12:00
WP262021,           TWENTYSIX,27-Oct-2021 16:45,2021-10-27 12:00
WP262022,              NALGAE,03-Nov-2022 22:45,2022-11-03 18:00
WP272021,              NYATOH,04-Dec-2021 09:45,2021-12-04 06:00
WP272022,              BANYAN,01-Nov-2022 10:45,2022-11-01 06:00
WP282021,                 RAI,21-Dec-2021 15:45,2021-12-21 12:00
WP282022,            YAMANEKO,14-Nov-2022 21:42,2022-11-14 18:00
WP292021,          TWENTYNINE,17-Dec-2021 21:45,2021-12-17 18:00
WP292022,              PAKHAR,13-Dec-2022 09:45,2022-12-13 06:00
